stock,date,open,high,low,close,volume,days_to_next_dividend,percent_return_next_dividend
AA,01/07/11,15.82,16.72,15.78,16.42,239655616,26,0.182704
AA,01/14/11,16.71,16.71,15.64,15.97,242963398,19,0.187852
AA,01/21/11,16.19,16.38,15.60,15.79,138428495,12,0.189994
AA,01/28/11,15.87,16.63,15.82,16.13,151379173,5,0.185989
AA,02/04/11,16.18,17.39,16.18,17.14,154387761,97,0.175029
AA,02/11/11,17.33,17.48,16.97,17.37,114691279,90,0.172712
AA,02/18/11,17.39,17.68,17.28,17.28,80023895,83,0.173611
AA,02/25/11,16.98,17.15,15.96,16.68,132981863,76,0.179856
AA,03/04/11,16.81,16.94,16.13,16.58,109493077,69,0.180941
AA,03/11/11,16.58,16.75,15.42,16.03,114332562,62,0.187149
AA,03/18/11,15.95,16.33,15.43,16.11,130374108,55,0.18622
AA,03/25/11,16.38,17.24,16.26,17.09,95550392,48,0.175541
AXP,01/07/11,43.30,45.60,43.11,44.36,45102042,89,0.405771
AXP,01/14/11,44.20,46.25,44.01,46.25,25913713,82,0.389189
AXP,01/21/11,46.03,46.71,44.71,46.00,38824728,75,0.391304
AXP,01/28/11,46.05,46.27,43.42,43.86,51427274,68,0.410397
AXP,02/04/11,44.13,44.23,43.15,43.82,39501680,61,0.410771
AXP,02/11/11,43.96,46.79,43.88,46.75,43746998,54,0.385027
AXP,02/18/11,46.42,46.93,45.53,45.53,28564910,47,0.395344
AXP,02/25/11,44.94,45.12,43.01,43.53,39654146,40,0.413508
AXP,03/04/11,43.73,44.68,42.75,43.72,38985037,33,0.411711
AXP,03/11/11,43.86,45.54,43.53,44.28,37613429,26,0.406504
AXP,03/18/11,43.86,44.47,42.19,44.17,41757526,19,0.407516
AXP,03/25/11,44.75,45.61,44.10,45.59,30798332,12,0.394823
BA,01/07/11,66.15,70.10,66.00,69.38,36258120,33,0.605362
BA,01/14/11,69.42,70.50,68.35,70.07,18834664,26,0.599401
BA,01/21/11,70.86,72.99,70.23,71.68,29594221,19,0.585938
BA,01/28/11,71.52,72.82,69.00,69.23,34929673,12,0.606673
BA,02/04/11,69.26,71.64,69.12,71.38,22770062,5,0.5884
BA,02/11/11,71.43,72.99,71.15,72.14,21809411,89,0.582201
BA,02/18/11,72.70,73.04,71.09,73.04,15989248,82,0.575027
BA,02/25/11,72.35,74.29,70.00,72.30,26258425,75,0.580913
BA,03/04/11,72.47,72.90,68.60,71.80,27527285,68,0.584958
BA,03/11/11,71.60,72.50,69.91,71.64,25556296,61,0.586265
BA,03/18/11,71.17,71.23,67.34,69.10,29746370,54,0.607815
BA,03/25/11,70.29,73.50,70.03,73.34,24423545,47,0.572675
BAC,01/07/11,13.85,14.69,13.80,14.25,1453438639,54,0.0701754
BAC,01/14/11,14.17,15.25,14.09,15.25,760935694,47,0.0655738
BAC,01/21/11,15.08,15.16,13.94,14.25,982445809,40,0.0701754
BAC,01/28/11,14.25,14.26,13.40,13.60,1054415375,33,0.0735294
BAC,02/04/11,13.71,14.47,13.64,14.29,757192224,26,0.069979
BAC,02/11/11,14.51,14.87,14.35,14.77,746465458,19,0.0677048
BAC,02/18/11,14.77,14.95,14.69,14.75,458423511,12,0.0677966
BAC,02/25/11,14.38,14.52,13.79,14.20,712456757,5,0.0704225
BAC,03/04/11,14.27,14.48,13.81,14.12,699671790,89,0.0708215
BAC,03/11/11,14.18,14.70,13.92,14.38,805210688,82,0.069541
BAC,03/18/11,14.26,14.35,13.66,14.04,792380862,75,0.0712251
BAC,03/25/11,14.20,14.22,13.32,13.34,717678994,68,0.0749625
CAT,01/07/11,94.38,94.81,92.30,93.73,24135903,11,0.469433
CAT,01/14/11,93.21,94.70,92.51,94.01,19707235,4,0.468035
CAT,01/21/11,94.16,96.80,92.37,92.75,28651009,89,0.474394
CAT,01/28/11,92.71,97.79,92.51,95.68,34929068,82,0.459866
CAT,02/04/11,96.13,99.72,95.85,99.59,31169285,75,0.441811
CAT,02/11/11,99.62,103.55,98.75,103.54,27632394,68,0.424957
CAT,02/18/11,103.56,105.86,102.01,105.86,16331886,61,0.415643
CAT,02/25/11,104.86,105.30,98.03,102.00,28146727,54,0.431373
CAT,03/04/11,102.72,104.43,99.35,103.04,29851515,47,0.427019
CAT,03/11/11,103.42,104.45,97.01,100.02,38614049,40,0.439912
CAT,03/18/11,102.59,105.64,98.55,105.06,54195667,33,0.418808
CAT,03/25/11,106.90,110.15,105.64,109.09,37837456,26,0.403337
CSCO,01/07/11,20.45,21.00,20.38,20.97,303545878,81,0.286123
CSCO,01/14/11,20.94,21.23,20.70,21.21,154708263,74,0.282885
CSCO,01/21/11,21.22,21.33,20.50,20.72,193706863,67,0.289575
CSCO,01/28/11,20.84,21.61,20.73,20.93,265687272,60,0.28667
CSCO,02/04/11,20.93,22.15,20.71,22.05,236334561,53,0.272109
CSCO,02/11/11,22.11,22.34,18.61,18.70,1000362015,46,0.320856
CSCO,02/18/11,18.84,18.95,18.56,18.85,390258123,39,0.318302
CSCO,02/25/11,18.73,18.74,18.23,18.64,285212201,32,0.321888
CSCO,03/04/11,18.62,18.79,18.31,18.40,302059981,25,0.326087
CSCO,03/11/11,18.36,18.37,17.76,17.95,311209442,18,0.334262
CSCO,03/18/11,17.81,17.88,16.97,17.14,444161658,11,0.350058
CSCO,03/25/11,17.34,17.64,17.20,17.28,284574143,4,0.347222
CVX,01/07/11,91.66,92.48,90.27,91.19,35556288,38,0.78956
CVX,01/14/11,90.95,92.85,90.12,92.83,28260512,31,0.775611
CVX,01/21/11,92.94,93.94,91.58,93.78,27752622,24,0.767754
CVX,01/28/11,93.89,94.97,92.93,93.37,42303108,17,0.771126
CVX,02/04/11,93.85,97.44,93.37,97.11,48766293,10,0.741427
CVX,02/11/11,97.28,98.23,95.70,96.45,38838595,3,0.746501
CVX,02/18/11,95.50,98.72,95.50,98.72,28037827,89,0.739465
CVX,02/25/11,99.23,103.94,99.23,102.10,57897831,82,0.714985
CVX,03/04/11,102.28,104.99,102.18,103.75,48214502,75,0.703614
CVX,03/11/11,104.12,104.77,97.60,99.93,43673568,68,0.730511
CVX,03/18/11,99.16,103.97,97.98,102.80,56186791,61,0.710117
CVX,03/25/11,103.86,107.01,103.20,106.78,39606692,54,0.683649
DD,01/07/11,50.05,50.54,49.28,49.76,27658789,35,0.823955
DD,01/14/11,48.30,49.80,47.20,49.80,34546875,28,0.823293
DD,01/21/11,49.53,50.14,47.65,48.35,25611091,21,0.847983
DD,01/28/11,48.44,50.66,48.26,50.29,45429653,14,0.815271
DD,02/04/11,50.15,52.63,50.09,52.53,31069977,7,0.780506
DD,02/11/11,52.62,54.75,52.51,54.58,37155830,0,0.751191
DD,02/18/11,54.44,55.98,53.80,55.98,27705910,82,0.732404
DD,02/25/11,54.95,55.30,52.36,54.07,33190716,75,0.758276
DD,03/04/11,54.22,54.95,52.76,53.87,32958368,68,0.761092
DD,03/11/11,54.10,54.49,51.82,52.90,27091813,61,0.775047
DD,03/18/11,53.18,53.50,51.10,52.99,39779608,54,0.773731
DD,03/25/11,53.80,54.64,52.89,54.10,24464568,47,0.757856
DIS,01/07/11,37.74,40.00,37.62,39.45,72917621,336,1.01394
DIS,01/14/11,39.01,39.81,38.92,39.29,31943413,329,1.01807
DIS,01/21/11,39.07,39.94,38.51,39.74,36187032,322,1.00654
DIS,01/28/11,39.64,39.95,38.65,38.85,42131642,315,1.0296
DIS,02/04/11,39.04,40.77,38.64,40.71,53521486,308,0.98256
DIS,02/11/11,40.80,44.05,40.71,43.41,83975520,301,0.921447
DIS,02/18/11,43.19,43.90,42.98,43.56,33868302,294,0.918274
DIS,02/25/11,42.83,43.28,41.60,42.95,56966763,287,0.931315
DIS,03/04/11,43.02,44.34,42.97,43.55,53096584,280,0.918484
DIS,03/11/11,43.53,43.61,42.16,42.93,41229388,273,0.931749
DIS,03/18/11,42.64,42.67,40.42,41.23,65060004,266,0.970167
DIS,03/25/11,41.46,43.24,40.87,42.97,40696371,259,0.930882
GE,01/07/11,18.49,18.72,18.12,18.43,280146510,38,0.759631
GE,01/14/11,18.61,18.82,18.46,18.82,215626229,31,0.74389
GE,01/21/11,18.98,19.97,18.17,19.74,449508777,24,0.70922
GE,01/28/11,19.93,20.74,19.74,20.20,437317986,17,0.693069
GE,02/04/11,20.13,20.96,20.10,20.56,246591055,10,0.680934
GE,02/11/11,20.77,21.44,20.73,21.33,252254376,3,0.656353
GE,02/18/11,21.51,21.65,21.24,21.44,158691572,118,0.652985
GE,02/25/11,20.88,21.21,20.08,20.82,268500170,111,0.67243
GE,03/04/11,20.95,21.17,20.16,20.37,261175412,104,0.687285
GE,03/11/11,20.40,20.79,19.94,20.36,303566341,97,0.687623
GE,03/18/11,19.96,20.09,18.60,19.25,520516218,90,0.727273
GE,03/25/11,19.68,19.93,19.25,19.75,227819072,83,0.708861
HD,01/07/11,35.20,35.57,34.18,34.38,56576860,60,0.727167
HD,01/14/11,34.16,35.89,34.07,35.89,41918450,53,0.696573
HD,01/21/11,35.97,36.99,35.48,36.51,45249920,46,0.684744
HD,01/28/11,36.46,38.12,36.30,36.70,63397367,39,0.681199
HD,02/04/11,37.13,37.18,36.38,36.80,41844858,32,0.679348
HD,02/11/11,36.80,37.48,36.41,37.48,36079400,25,0.667022
HD,02/18/11,37.47,38.48,37.27,38.48,30619613,18,0.649688
HD,02/25/11,39.30,39.38,36.78,37.08,54816070,11,0.674218
HD,03/04/11,37.15,37.86,36.33,37.22,49763519,4,0.671682
HD,03/11/11,37.26,37.78,36.54,37.14,49156185,95,0.673129
HD,03/18/11,36.92,36.94,35.43,36.00,52758908,88,0.694444
HD,03/25/11,36.29,37.82,36.03,37.42,40337534,81,0.668092
HPQ,01/07/11,42.22,45.39,42.22,45.09,100020724,66,0.177423
HPQ,01/14/11,44.86,46.25,44.57,46.25,65464211,59,0.172973
HPQ,01/21/11,46.14,47.64,45.76,47.23,82623453,52,0.169384
HPQ,01/28/11,46.69,47.83,45.36,45.51,84066350,45,0.175786
HPQ,02/04/11,45.41,47.52,45.13,47.43,74475624,38,0.16867
HPQ,02/11/11,47.71,49.39,47.61,48.64,84089936,31,0.164474
HPQ,02/18/11,48.45,49.12,47.54,48.67,49401750,24,0.164372
HPQ,02/25/11,47.57,48.55,42.08,42.68,211147488,17,0.187441
HPQ,03/04/11,43.06,43.85,42.06,42.61,110702335,10,0.187749
HPQ,03/11/11,42.90,43.05,41.26,41.73,85140794,3,0.191709
HPQ,03/18/11,41.31,42.15,40.10,41.32,121051768,87,0.314618
HPQ,03/25/11,41.85,43.28,41.35,42.53,78089358,80,0.305667
IBM,01/07/11,147.21,148.86,146.64,147.93,23492843,32,0.439397
IBM,01/14/11,147.00,150.00,146.00,150.00,15335348,25,0.433333
IBM,01/21/11,149.82,156.78,149.38,155.50,35770931,18,0.418006
IBM,01/28/11,155.42,164.35,155.33,159.21,32510483,11,0.408266
IBM,02/04/11,159.18,164.20,158.68,164.00,25377163,4,0.396341
IBM,02/11/11,164.08,166.25,163.18,163.85,26106753,84,0.457736
IBM,02/18/11,164.18,164.84,162.52,164.84,14352613,77,0.454987
IBM,02/25/11,163.57,164.26,159.03,162.28,21443811,70,0.462164
IBM,03/04/11,162.36,164.31,159.41,161.83,21549118,63,0.463449
IBM,03/11/11,161.60,167.72,158.85,162.43,31119857,56,0.461737
IBM,03/18/11,161.16,161.98,151.71,155.89,41827781,49,0.481108
IBM,03/25/11,157.64,162.74,157.07,162.18,25381792,42,0.462449
INTC,01/07/11,21.01,21.21,20.27,20.66,386719626,27,0.871249
INTC,01/14/11,20.71,21.33,20.57,21.08,274111012,20,0.85389
INTC,01/21/11,21.03,21.20,20.62,20.82,218479469,13,0.864553
INTC,01/28/11,21.03,21.94,20.93,21.46,325168191,6,0.83877
INTC,02/04/11,21.55,21.71,21.03,21.68,277969054,89,0.830258
INTC,02/11/11,21.74,21.86,21.35,21.76,236842359,82,0.827206
INTC,02/18/11,21.63,22.14,21.28,22.14,201181541,75,0.813008
INTC,02/25/11,21.95,22.19,21.01,21.86,256135777,68,0.823422
INTC,03/04/11,21.75,22.08,21.35,21.56,291751623,61,0.834879
INTC,03/11/11,21.69,21.74,20.61,20.87,289874871,54,0.862482
INTC,03/18/11,20.66,20.88,19.71,19.93,347426088,47,0.903161
INTC,03/25/11,19.90,20.60,19.88,20.37,229150771,40,0.883652
JNJ,01/07/11,62.63,63.54,62.53,62.60,57774737,49,0.86262
JNJ,01/14/11,62.29,62.98,62.00,62.55,34950419,42,0.863309
JNJ,01/21/11,62.21,63.25,62.01,62.66,47999880,35,0.861794
JNJ,01/28/11,62.56,62.72,60.00,60.01,86229071,28,0.89985
JNJ,02/04/11,60.16,60.99,59.69,60.84,63641929,21,0.887574
JNJ,02/11/11,60.88,61.17,60.42,60.70,42897125,14,0.889621
JNJ,02/18/11,60.69,61.11,60.33,61.11,33273371,7,0.883652
JNJ,02/25/11,60.68,61.08,59.36,59.64,46786798,0,0.905433
JNJ,03/04/11,59.93,61.50,59.77,61.06,63576642,83,0.933508
JNJ,03/11/11,61.09,61.10,59.11,59.69,53844149,76,0.954934
JNJ,03/18/11,59.49,59.49,57.50,58.57,71716802,69,0.973194
JNJ,03/25/11,58.67,59.16,58.50,58.98,47498000,62,0.966429
JPM,01/07/11,43.00,44.95,42.64,43.64,234547885,87,0.572869
JPM,01/14/11,43.27,44.97,43.00,44.91,144662779,80,0.556669
JPM,01/21/11,45.02,45.54,43.60,45.29,182971761,73,0.551998
JPM,01/28/11,45.21,45.88,44.26,44.54,154832501,66,0.561293
JPM,02/04/11,44.41,46.00,44.30,44.59,137430065,59,0.560664
JPM,02/11/11,44.75,46.89,44.65,46.57,162434145,52,0.536826
JPM,02/18/11,46.00,48.00,46.00,48.00,131941706,45,0.520833
JPM,02/25/11,47.20,47.27,45.21,46.68,139540125,38,0.535561
JPM,03/04/11,46.81,47.18,45.07,45.52,139051830,31,0.549209
JPM,03/11/11,45.62,47.10,44.76,45.74,140414285,24,0.546568
JPM,03/18/11,45.42,46.18,43.40,45.74,226413618,17,0.546568
JPM,03/25/11,46.28,46.38,44.77,45.86,117959443,10,0.545137
KRFT,01/07/11,31.76,31.76,31.14,31.19,44971770,81,0.929785
KRFT,01/14/11,30.91,31.72,30.89,31.34,24955086,74,0.925335
KRFT,01/21/11,31.41,31.52,30.89,31.35,41200255,67,0.92504
KRFT,01/28/11,31.39,31.77,30.50,30.53,55657855,60,0.949885
KRFT,02/04/11,30.53,31.22,30.21,31.19,34764359,53,0.929785
KRFT,02/11/11,31.18,31.25,30.24,30.66,65912258,46,0.945858
KRFT,02/18/11,30.67,30.93,30.26,30.91,38172345,39,0.938208
KRFT,02/25/11,30.72,32.20,30.66,31.71,50462721,32,0.914538
KRFT,03/04/11,31.82,31.88,31.28,31.58,55211152,25,0.918303
KRFT,03/11/11,31.56,31.79,31.18,31.70,41766976,18,0.914827
KRFT,03/18/11,31.51,31.60,30.45,30.99,51736270,11,0.935786
KRFT,03/25/11,30.78,31.49,30.43,31.26,41958399,4,0.927703
KO,01/07/11,65.88,65.88,62.56,62.92,59802189,63,0.74698
KO,01/14/11,62.70,63.86,62.56,63.13,31297830,56,0.744496
KO,01/21/11,63.21,63.92,62.72,62.77,36000586,49,0.748765
KO,01/28/11,62.87,63.31,62.14,62.21,42141599,42,0.755506
KO,02/04/11,62.32,63.48,61.89,62.56,34863226,35,0.751279
KO,02/11/11,62.67,64.75,62.32,63.57,46269528,28,0.739342
KO,02/18/11,63.67,64.72,62.55,64.55,29937386,21,0.728118
KO,02/25/11,63.36,64.40,63.33,64.31,32331825,14,0.730835
KO,03/04/11,64.17,65.87,63.86,65.21,61665987,7,0.720748
KO,03/11/11,65.32,65.84,64.47,64.81,44560041,0,0.725197
KO,03/18/11,64.34,64.61,61.29,62.70,59542953,87,0.749601
KO,03/25/11,63.13,65.39,63.05,65.22,29853434,80,0.720638
MCD,01/07/11,77.10,77.59,73.59,74.37,85400677,49,0.820223
MCD,01/14/11,74.25,74.49,72.46,74.06,44895850,42,0.823656
MCD,01/21/11,74.65,75.75,74.31,75.01,40056497,35,0.813225
MCD,01/28/11,74.25,75.85,73.05,73.28,46734907,28,0.832424
MCD,02/04/11,73.80,74.50,73.08,74.05,41519549,21,0.823768
MCD,02/11/11,74.13,76.32,73.30,76.14,39363816,14,0.801156
MCD,02/18/11,76.07,76.45,75.70,76.13,16734140,7,0.801261
MCD,02/25/11,75.95,76.45,74.42,74.44,27881213,0,0.819452
MCD,03/04/11,74.51,76.63,73.64,76.03,41047787,84,0.802315
MCD,03/11/11,76.38,77.25,74.97,76.73,34855064,77,0.794995
MCD,03/18/11,76.10,76.41,72.89,72.99,40853280,70,0.835731
MCD,03/25/11,73.50,75.75,73.38,75.25,23877441,63,0.810631
MMM,01/07/11,86.75,87.90,85.63,86.23,16166921,40,0.637829
MMM,01/14/11,85.70,88.80,85.70,88.10,11585909,33,0.624291
MMM,01/21/11,87.84,89.39,87.25,89.29,10705548,26,0.61597
MMM,01/28/11,89.21,90.50,87.20,87.44,26110543,19,0.629003
MMM,02/04/11,87.93,88.45,87.31,88.29,14960948,12,0.622947
MMM,02/11/11,88.17,91.95,87.81,91.80,16315175,5,0.599129
MMM,02/18/11,91.72,92.96,91.00,92.96,13431331,89,0.591652
MMM,02/25/11,92.73,93.65,89.27,90.25,17249356,82,0.609418
MMM,03/04/11,91.90,93.40,90.24,92.19,17453306,75,0.596594
MMM,03/11/11,92.58,94.16,89.71,91.61,18144593,68,0.600371
MMM,03/18/11,91.21,91.21,86.91,88.98,23633329,61,0.618116
MMM,03/25/11,90.27,92.98,90.17,92.27,14970403,54,0.596077
MRK,01/07/11,36.29,37.35,35.85,37.35,72760487,63,1.0174
MRK,01/14/11,37.26,37.61,34.23,34.23,108158891,56,1.11014
MRK,01/21/11,34.07,34.30,33.48,33.90,131132702,49,1.12094
MRK,01/28/11,33.99,33.99,33.00,33.07,110066602,42,1.14908
MRK,02/04/11,33.29,34.04,32.51,32.89,114880019,35,1.15537
MRK,02/11/11,32.94,33.30,32.74,33.07,62039482,28,1.14908
MRK,02/18/11,32.97,33.19,32.65,32.85,54419625,21,1.15677
MRK,02/25/11,32.75,32.80,31.85,32.19,57467917,14,1.18049
MRK,03/04/11,32.20,33.36,32.19,33.06,128028062,7,1.14943
MRK,03/11/11,33.00,33.48,32.45,32.73,91319466,0,1.16101
MRK,03/18/11,32.50,32.60,31.06,31.91,86394177,87,1.19085
MRK,03/25/11,32.09,32.90,32.04,32.57,66135182,80,1.16672
MSFT,01/07/11,28.05,28.85,27.77,28.60,328646154,39,0.559441
MSFT,01/14/11,28.20,28.50,28.00,28.30,227601331,32,0.565371
MSFT,01/21/11,28.16,28.74,28.02,28.02,220040646,25,0.571021
MSFT,01/28/11,28.02,29.46,27.45,27.75,457318851,18,0.576577
MSFT,02/04/11,27.77,28.11,27.42,27.77,274432773,11,0.576161
MSFT,02/11/11,27.80,28.34,27.07,27.25,317408348,4,0.587156
MSFT,02/18/11,27.20,27.37,26.60,27.06,228916129,88,0.591279
MSFT,02/25/11,26.78,27.10,26.43,26.55,238628349,81,0.602637
MSFT,03/04/11,26.69,26.86,25.80,25.95,298801508,74,0.61657
MSFT,03/11/11,26.13,26.27,25.35,25.68,271799244,67,0.623053
MSFT,03/18/11,25.49,25.76,24.68,24.80,379216242,60,0.645161
MSFT,03/25/11,25.18,25.95,25.15,25.62,217545216,53,0.624512
PFE,01/07/11,17.70,18.38,17.62,18.34,386804789,26,1.09051
PFE,01/14/11,18.22,18.48,18.13,18.34,218359623,19,1.09051
PFE,01/21/11,18.35,18.49,18.02,18.36,159663706,12,1.08932
PFE,01/28/11,18.33,18.76,18.14,18.15,277157388,5,1.10193
PFE,02/04/11,18.19,19.39,18.16,19.30,358819619,96,1.03627
PFE,02/11/11,19.27,19.30,18.62,18.83,180912039,89,1.06213
PFE,02/18/11,18.82,19.39,18.72,19.19,153153528,82,1.04221
PFE,02/25/11,18.88,19.13,18.67,18.86,177077740,75,1.06045
PFE,03/04/11,18.95,19.90,18.90,19.66,257979737,68,1.01729
PFE,03/11/11,19.64,19.75,19.30,19.47,195391037,61,1.02722
PFE,03/18/11,19.45,20.29,19.15,20.18,457640533,54,0.99108
PFE,03/25/11,20.32,20.50,19.74,20.35,215914627,47,0.982801
PG,01/07/11,64.39,65.08,64.00,64.50,52323352,12,0.744186
PG,01/14/11,64.40,65.53,63.40,65.53,41932473,5,0.732489
PG,01/21/11,65.65,65.95,65.05,65.91,46213962,96,0.804127
PG,01/28/11,65.90,66.95,63.14,64.20,70042160,89,0.825545
PG,02/04/11,64.35,64.36,62.30,63.61,57201539,82,0.833202
PG,02/11/11,63.95,64.97,63.80,64.73,51999812,75,0.818786
PG,02/18/11,64.80,64.80,63.40,64.30,36098973,68,0.824261
PG,02/25/11,63.73,64.40,62.53,62.84,47748854,61,0.843412
PG,03/04/11,62.80,63.65,61.56,62.03,59801160,54,0.854425
PG,03/11/11,62.00,62.30,61.12,61.49,52731797,47,0.861929
PG,03/18/11,61.04,61.39,59.70,60.60,66311521,40,0.874587
PG,03/25/11,60.96,61.52,60.54,60.88,41351155,33,0.870565
T,01/07/11,29.68,30.10,28.66,28.85,157834347,30,1.49047
T,01/14/11,28.54,28.61,27.71,28.43,170616350,23,1.51249
T,01/21/11,28.55,28.59,28.15,28.33,130584257,16,1.51783
T,01/28/11,28.46,28.95,27.41,27.49,171464186,9,1.56421
T,02/04/11,27.42,28.06,27.20,27.97,118469916,2,1.53736
T,02/11/11,27.97,28.59,27.63,28.47,128889979,54,1.51036
T,02/18/11,28.40,28.57,28.00,28.57,88244232,47,1.50508
T,02/25/11,28.32,28.42,27.61,28.13,94960503,40,1.52862
T,03/04/11,28.25,28.53,27.79,27.92,118740085,33,1.54011
T,03/11/11,27.95,28.89,27.73,28.46,139153253,26,1.51089
T,03/18/11,28.32,28.42,27.27,27.94,153806769,19,1.53901
T,03/25/11,28.77,29.10,27.95,28.85,169105318,12,1.49047
TRV,01/07/11,56.09,56.34,52.88,53.33,20010115,60,0.675042
TRV,01/14/11,53.12,54.84,52.96,54.63,14820631,53,0.658979
TRV,01/21/11,54.62,55.24,54.07,55.00,13631048,46,0.654545
TRV,01/28/11,55.14,57.78,54.97,55.81,26595621,39,0.645046
TRV,02/04/11,55.81,57.52,55.81,57.41,27494461,32,0.627068
TRV,02/11/11,57.32,59.12,56.97,58.99,19539527,25,0.610273
TRV,02/18/11,58.84,60.92,58.53,60.92,14107769,18,0.590939
TRV,02/25/11,60.60,61.15,59.05,59.60,20849299,11,0.604027
TRV,03/04/11,59.60,60.02,58.53,59.18,20284170,4,0.608314
TRV,03/11/11,59.26,59.72,57.88,58.88,15980871,89,0.696332
TRV,03/18/11,58.47,59.51,57.51,58.06,24832210,82,0.706166
TRV,03/25/11,58.44,59.28,57.99,58.98,14126721,75,0.695151
UTX,01/07/11,79.19,79.75,78.40,79.08,15797841,40,0.543753
UTX,01/14/11,78.27,79.90,77.81,79.08,12713121,33,0.543753
UTX,01/21/11,79.28,80.50,78.98,80.20,16471934,26,0.53616
UTX,01/28/11,80.26,83.08,80.26,81.43,23565688,19,0.528061
UTX,02/04/11,81.80,82.60,80.66,82.52,15689029,12,0.521086
UTX,02/11/11,82.85,85.46,82.73,85.20,16641148,5,0.504695
UTX,02/18/11,85.07,85.44,84.25,85.01,11922670,89,0.564639
UTX,02/25/11,84.54,84.69,81.81,83.37,15551183,82,0.575747
UTX,03/04/11,83.58,84.24,81.42,82.86,19167224,75,0.57929
UTX,03/11/11,83.03,84.05,80.26,81.28,22004496,68,0.590551
UTX,03/18/11,80.74,81.23,77.05,80.16,26234929,61,0.598802
UTX,03/25/11,81.30,83.59,80.57,83.52,19032729,54,0.574713
VZ,01/07/11,36.06,37.70,35.41,35.93,141938064,89,1.36376
VZ,01/14/11,36.55,36.58,34.98,35.46,130610954,82,1.38184
VZ,01/21/11,35.38,35.51,34.35,34.95,108296302,75,1.402
VZ,01/28/11,34.88,36.59,34.88,35.63,124127036,68,1.37525
VZ,02/04/11,35.64,36.48,35.38,36.31,72890565,61,1.34949
VZ,02/11/11,36.30,36.77,35.77,36.39,78429505,54,1.34652
VZ,02/18/11,36.31,36.62,35.66,36.62,68915874,47,1.33807
VZ,02/25/11,36.24,36.32,35.34,35.97,57673647,40,1.36225
VZ,03/04/11,36.06,36.94,35.85,36.08,80086312,33,1.35809
VZ,03/11/11,36.13,36.65,35.65,35.85,66137992,26,1.36681
VZ,03/18/11,35.74,35.84,33.36,35.84,124202175,19,1.36719
VZ,03/25/11,36.66,37.32,36.37,37.29,79604168,12,1.31403
WMT,01/07/11,54.23,55.07,53.76,54.08,64231179,61,0.684172
WMT,01/14/11,53.65,55.36,53.54,54.81,48929455,54,0.675059
WMT,01/21/11,55.11,56.27,54.71,55.73,53009787,47,0.663915
WMT,01/28/11,55.39,57.90,55.30,56.70,69546259,40,0.652557
WMT,02/04/11,56.45,56.58,55.39,56.03,60981950,33,0.660361
WMT,02/11/11,56.07,56.73,55.30,55.69,49477410,26,0.664392
WMT,02/18/11,55.26,55.38,54.35,55.38,51556658,19,0.668111
WMT,02/25/11,53.81,54.01,51.52,51.75,92696912,12,0.714976
WMT,03/04/11,51.75,52.60,51.68,52.07,74964203,5,0.710582
WMT,03/11/11,52.26,53.88,51.75,52.59,69185186,61,0.703556
WMT,03/18/11,52.35,52.52,50.97,51.52,63198175,54,0.718168
WMT,03/25/11,51.73,52.95,51.38,52.35,53385178,47,0.706781
XOM,01/07/11,73.72,75.90,73.64,75.59,101740933,52,0.582088
XOM,01/14/11,75.13,77.84,74.58,77.84,74376886,45,0.565262
XOM,01/21/11,77.79,79.10,76.77,78.98,99941187,38,0.557103
XOM,01/28/11,78.85,79.98,77.93,78.99,115376817,31,0.557033
XOM,02/04/11,79.92,83.98,79.01,83.28,129743696,24,0.528338
XOM,02/11/11,83.45,84.00,81.61,82.82,85733429,17,0.531273
XOM,02/18/11,82.00,85.10,81.80,84.50,93325562,10,0.52071
XOM,02/25/11,84.97,88.23,84.73,85.34,122018405,3,0.515585
XOM,03/04/11,85.87,86.56,83.55,85.08,102134160,68,0.552421
XOM,03/11/11,85.84,86.08,80.10,82.12,92727886,61,0.572333
XOM,03/18/11,81.67,82.64,78.80,80.85,123914255,54,0.581323
XOM,03/25/11,81.87,83.93,81.86,83.62,83364516,47,0.562066
AA,04/01/11,17.13,17.80,17.02,17.47,103320396,41,0.171723
AA,04/08/11,17.42,18.47,17.42,17.92,129237024,34,0.167411
AA,04/15/11,18.06,18.19,16.38,16.52,213061090,27,0.181598
AA,04/21/11,16.36,16.97,15.88,16.97,85235391,21,0.176783
AA,04/29/11,16.94,17.24,16.66,17.00,90831895,13,0.176471
AA,05/06/11,17.27,17.96,16.83,17.15,225053559,6,0.174927
AA,05/13/11,17.16,17.62,16.75,17.10,111630753,82,0.175439
AA,05/20/11,17.00,17.29,16.26,16.26,118281015,75,0.184502
AA,05/27/11,15.96,16.48,15.83,16.48,77236662,68,0.182039
AA,06/03/11,16.73,16.83,15.77,15.92,77152591,61,0.188442
AA,06/10/11,15.92,16.03,15.17,15.28,94970970,54,0.196335
AA,06/17/11,15.29,15.50,14.59,14.72,111273573,47,0.203804
AA,06/24/11,14.67,15.60,14.56,15.23,99423717,40,0.19698
AXP,04/01/11,45.54,46.29,45.11,45.36,28738689,5,0.396825
AXP,04/08/11,45.61,46.49,45.10,46.28,31114741,82,0.388937
AXP,04/15/11,46.36,46.95,45.60,46.25,29090940,75,0.389189
AXP,04/21/11,45.85,47.48,45.27,47.11,22929313,69,0.382084
AXP,04/29/11,47.19,49.15,46.77,49.08,32470319,61,0.366748
AXP,05/06/11,49.37,50.47,49.08,50.20,43997724,54,0.358566
AXP,05/13/11,50.06,50.46,49.22,49.49,35427164,47,0.36371
AXP,05/20/11,49.42,51.97,49.17,51.19,36565612,40,0.351631
AXP,05/27/11,50.74,51.38,49.79,51.13,26359875,33,0.352044
AXP,06/03/11,51.39,51.70,49.04,49.28,25215640,26,0.36526
AXP,06/10/11,49.13,49.38,47.33,47.74,33828918,19,0.377042
AXP,06/17/11,47.96,49.14,46.92,48.50,37705374,12,0.371134
AXP,06/24/11,48.35,50.15,48.15,48.34,34877916,5,0.372362
BA,04/01/11,73.50,74.85,73.03,74.01,20590618,40,0.567491
BA,04/08/11,73.38,74.85,72.71,73.47,21220138,33,0.571662
BA,04/15/11,73.65,74.28,70.88,72.60,19492289,26,0.578512
BA,04/21/11,72.72,75.44,71.75,75.44,16947409,20,0.556734
BA,04/29/11,75.51,80.34,74.68,79.78,30503034,12,0.526448
BA,05/06/11,80.35,80.65,78.09,79.31,25394946,5,0.529568
BA,05/13/11,79.31,80.42,78.48,79.03,18368201,89,0.531444
BA,05/20/11,78.66,78.81,75.83,77.52,19990094,82,0.541796
BA,05/27/11,76.55,76.99,75.13,76.99,15886795,75,0.545525
BA,06/03/11,77.80,78.35,74.09,74.84,17813730,68,0.561197
BA,06/10/11,74.76,75.27,72.61,72.69,18574466,61,0.577796
BA,06/17/11,73.06,75.51,72.69,74.16,25381159,54,0.566343
BA,06/24/11,73.96,75.02,70.29,71.26,30675314,47,0.589391
BAC,04/01/11,13.42,13.61,13.16,13.37,499672763,61,0.0747943
BAC,04/08/11,13.40,13.88,13.37,13.48,480033181,54,0.074184
BAC,04/15/11,13.50,13.64,12.82,12.82,670594575,47,0.0780031
BAC,04/21/11,12.59,12.60,12.15,12.31,624897506,41,0.0812348
BAC,04/29/11,12.32,12.60,12.23,12.28,557530217,33,0.0814332
BAC,05/06/11,12.36,12.71,12.20,12.31,577232010,26,0.0812348
BAC,05/13/11,12.28,12.43,11.91,11.93,623724296,19,0.0838223
BAC,05/20/11,11.89,12.11,11.53,11.58,658968285,12,0.0863558
BAC,05/27/11,11.47,11.69,11.29,11.69,479389107,5,0.0855432
BAC,06/03/11,11.87,11.92,11.08,11.28,596420503,89,0.0886525
BAC,06/10/11,11.18,11.20,10.41,10.80,873241317,82,0.0925926
BAC,06/17/11,10.89,11.12,10.40,10.68,889460755,75,0.093633
BAC,06/24/11,10.59,10.94,10.48,10.52,603098073,68,0.095057
CAT,04/01/11,109.54,113.59,108.61,113.12,28116391,19,0.388967
CAT,04/08/11,113.75,113.93,108.88,109.82,28772937,12,0.400656
CAT,04/15/11,110.02,110.30,105.35,107.21,30697889,5,0.410409
CAT,04/21/11,105.58,109.42,102.16,109.42,23938892,88,0.420398
CAT,04/29/11,109.24,116.25,107.95,115.41,34522949,80,0.398579
CAT,05/06/11,116.24,116.55,108.39,110.34,39678464,73,0.416893
CAT,05/13/11,110.80,112.97,106.02,106.33,38211403,66,0.432615
CAT,05/20/11,105.87,108.27,101.47,104.33,54274252,59,0.440909
CAT,05/27/11,101.30,104.60,100.30,104.60,30213720,52,0.439771
CAT,06/03/11,106.41,106.60,99.15,101.10,35887587,45,0.454995
CAT,06/10/11,100.25,101.61,96.42,96.79,40431926,38,0.475256
CAT,06/17/11,96.93,98.45,94.20,95.95,43606429,31,0.479416
CAT,06/24/11,96.49,102.50,96.05,100.01,43722864,24,0.459954
CSCO,04/01/11,17.36,17.60,16.99,17.04,308644641,95,0.352113
CSCO,04/08/11,17.01,18.29,17.00,17.65,539982011,88,0.339943
CSCO,04/15/11,17.71,17.76,16.97,17.03,324203125,81,0.352319
CSCO,04/21/11,16.88,16.96,16.52,16.94,249420898,75,0.354191
CSCO,04/29/11,16.93,17.64,16.90,17.52,412492845,67,0.342466
CSCO,05/06/11,17.51,17.70,17.28,17.56,290282402,60,0.341686
CSCO,05/13/11,17.53,17.99,16.64,16.88,563552552,53,0.35545
CSCO,05/20/11,16.82,16.87,16.34,16.53,371711669,46,0.362976
CSCO,05/27/11,16.41,16.46,16.11,16.46,235050333,39,0.36452
CSCO,06/03/11,16.59,16.82,15.98,16.01,256069538,32,0.374766
CSCO,06/10/11,16.04,16.17,15.01,15.12,412198054,25,0.396825
CSCO,06/17/11,15.14,15.28,14.78,14.97,401380782,18,0.400802
CSCO,06/24/11,14.94,15.64,14.92,14.93,429730443,11,0.401875
CVX,04/01/11,106.40,109.65,105.52,108.32,35824123,47,0.673929
CVX,04/08/11,108.52,109.94,107.51,109.66,31958307,40,0.665694
CVX,04/15/11,109.74,109.90,103.13,106.24,42617245,33,0.687124
CVX,04/21/11,104.95,108.34,103.04,108.13,18873837,27,0.675113
CVX,04/29/11,107.37,109.60,106.68,109.44,28004621,19,0.667032
CVX,05/06/11,109.48,109.57,101.11,102.88,44930373,12,0.709565
CVX,05/13/11,103.25,104.95,100.41,102.39,43103424,5,0.71296
CVX,05/20/11,102.03,104.53,99.61,102.57,39951901,89,0.711709
CVX,05/27/11,101.13,103.86,100.70,103.21,28858240,82,0.707296
CVX,06/03/11,104.61,105.21,99.57,101.00,32206213,75,0.722772
CVX,06/10/11,100.90,101.87,98.98,99.67,35612426,68,0.732417
CVX,06/17/11,100.04,101.29,97.71,99.17,44845243,61,0.73611
CVX,06/24/11,98.88,102.46,97.00,97.90,42615162,54,0.745659
DD,04/01/11,54.11,55.80,53.70,55.19,23341552,40,0.742888
DD,04/08/11,55.50,56.52,55.00,55.40,19685778,33,0.740072
DD,04/15/11,55.45,55.81,53.17,54.89,24059673,26,0.746948
DD,04/21/11,54.28,56.00,53.19,55.91,15537427,20,0.733321
DD,04/29/11,55.69,56.88,54.54,56.79,27349183,12,0.721958
DD,05/06/11,56.42,57.00,53.59,54.63,27498887,5,0.750503
DD,05/13/11,54.94,56.13,52.55,52.91,27207924,90,0.774901
DD,05/20/11,52.74,54.00,51.92,52.74,27511651,83,0.777399
DD,05/27/11,51.75,52.56,50.50,52.56,24845668,76,0.780061
DD,06/03/11,53.18,53.39,50.11,50.29,25203572,69,0.815271
DD,06/10/11,50.30,50.90,49.52,49.78,28186429,62,0.823624
DD,06/17/11,50.03,50.63,48.64,49.57,36027620,55,0.827113
DD,06/24/11,49.50,51.98,49.46,51.96,34797906,48,0.789069
DIS,04/01/11,43.19,43.48,42.36,42.85,34130223,252,0.933489
DIS,04/08/11,42.87,43.05,41.40,41.76,39055258,245,0.957854
DIS,04/15/11,41.76,42.02,40.84,41.52,40820710,238,0.963391
DIS,04/21/11,40.97,42.46,40.45,42.27,24312043,232,0.946298
DIS,04/29/11,42.34,43.35,41.71,43.10,30122091,224,0.928074
DIS,05/06/11,43.47,43.79,42.30,43.06,35369886,217,0.928936
DIS,05/13/11,43.32,44.12,40.94,41.52,78855110,210,0.963391
DIS,05/20/11,41.26,41.84,40.68,41.50,50988843,203,0.963855
DIS,05/27/11,41.15,41.52,40.55,41.52,34651349,196,0.963391
DIS,06/03/11,41.90,41.99,39.17,39.38,52169227,189,1.01574
DIS,06/10/11,39.18,39.88,38.42,38.50,49099516,182,1.03896
DIS,06/17/11,38.63,38.86,37.77,38.04,54513950,175,1.05152
DIS,06/24/11,37.85,38.89,37.19,37.58,50409504,168,1.0644
GE,04/01/11,19.81,20.50,19.53,20.34,207897262,76,0.688299
GE,04/08/11,20.73,20.75,20.07,20.19,238618636,69,0.693413
GE,04/15/11,20.24,20.37,19.60,20.04,212315926,62,0.698603
GE,04/21/11,19.77,20.54,19.51,19.95,182835072,56,0.701754
GE,04/29/11,20.14,20.85,19.89,20.45,280299000,48,0.684597
GE,05/06/11,20.70,20.71,19.81,20.01,235180053,41,0.69965
GE,05/13/11,19.97,20.42,19.76,19.89,195448891,34,0.703871
GE,05/20/11,19.85,20.05,19.41,19.62,228297982,27,0.713558
GE,05/27/11,19.32,19.52,18.97,19.44,169411364,20,0.720165
GE,06/03/11,19.68,19.72,18.75,18.82,207576381,13,0.74389
GE,06/10/11,18.71,18.80,18.14,18.32,260898990,6,0.764192
GE,06/17/11,18.31,18.90,18.20,18.49,261979707,90,0.811249
GE,06/24/11,18.34,18.94,17.97,17.97,295978977,83,0.834725
HD,04/01/11,37.46,37.87,36.62,37.56,52881329,74,0.665602
HD,04/08/11,37.48,37.96,37.21,37.46,47021433,67,0.667379
HD,04/15/11,37.45,38.40,37.17,38.17,42983064,60,0.654965
HD,04/21/11,37.70,38.50,37.20,37.80,24190528,54,0.661376
HD,04/29/11,37.61,37.71,36.94,37.15,61019095,46,0.672948
HD,05/06/11,37.44,37.67,36.77,36.99,52439439,39,0.675858
HD,05/13/11,36.93,37.43,36.70,37.01,41391929,32,0.675493
HD,05/20/11,36.69,37.94,36.55,37.05,53378802,25,0.674764
HD,05/27/11,36.00,37.00,36.00,36.00,40673778,18,0.694444
HD,06/03/11,36.18,36.28,34.43,34.63,39307513,11,0.721917
HD,06/10/11,34.53,35.02,33.42,33.47,45606663,4,0.746938
HD,06/17/11,33.46,34.93,33.41,34.53,76297124,74,0.724008
HD,06/24/11,34.29,35.69,34.28,35.08,65416820,67,0.712657
HPQ,04/01/11,42.42,42.83,37.60,40.98,90069975,73,0.317228
HPQ,04/08/11,40.65,41.80,40.20,40.70,87672936,66,0.31941
HPQ,04/15/11,40.71,41.55,40.12,40.26,70321527,59,0.322901
HPQ,04/21/11,39.96,41.19,39.16,40.99,46244533,53,0.317151
HPQ,04/29/11,41.06,41.30,39.99,40.37,82362537,45,0.322021
HPQ,05/06/11,40.69,41.52,39.80,40.81,70249698,38,0.318549
HPQ,05/13/11,40.79,41.74,40.22,40.41,63498759,31,0.321703
HPQ,05/20/11,40.20,40.34,35.91,35.98,217523955,24,0.361312
HPQ,05/27/11,35.58,36.96,35.44,36.96,106507716,17,0.351732
HPQ,06/03/11,37.28,37.52,36.00,36.11,79313559,10,0.360011
HPQ,06/10/11,35.99,36.24,35.14,35.25,74301015,3,0.368794
HPQ,06/17/11,35.13,35.32,33.95,35.00,134346312,87,0.342857
HPQ,06/24/11,34.79,35.65,34.55,34.90,102774442,80,0.34384
IBM,04/01/11,161.54,164.42,161.12,164.27,19081936,35,0.456565
IBM,04/08/11,164.42,164.75,163.16,164.05,17615408,28,0.457178
IBM,04/15/11,163.44,166.34,162.30,166.21,22183383,21,0.451236
IBM,04/21/11,164.64,168.28,162.19,168.28,23662621,15,0.445686
IBM,04/29/11,167.65,173.00,167.23,170.58,26829625,7,0.439676
IBM,05/06/11,172.11,173.54,167.50,168.89,29480567,0,0.444076
IBM,05/13/11,168.39,172.77,167.82,169.92,23505533,87,0.441384
IBM,05/20/11,169.81,171.41,166.53,170.16,26027660,80,0.440762
IBM,05/27/11,168.50,168.60,165.90,167.50,19453763,73,0.447761
IBM,06/03/11,168.44,169.89,164.13,165.05,23349972,66,0.454408
IBM,06/10/11,164.76,165.96,162.87,163.18,20646079,59,0.459615
IBM,06/17/11,164.44,165.10,161.52,164.44,29390025,52,0.456093
IBM,06/24/11,163.70,166.81,163.59,165.07,22984546,45,0.454353
INTC,04/01/11,20.44,20.66,19.56,19.72,321390635,33,0.912779
INTC,04/08/11,19.79,20.20,19.36,20.02,286343950,26,0.899101
INTC,04/15/11,20.07,20.20,19.41,19.75,231298341,19,0.911392
INTC,04/21/11,19.53,21.46,19.45,21.46,302470339,13,0.83877
INTC,04/29/11,21.37,23.19,21.33,23.15,466579710,5,0.777538
INTC,05/06/11,23.02,23.86,22.67,23.25,513891027,89,0.903226
INTC,05/13/11,23.13,23.83,22.65,23.41,344755154,82,0.897053
INTC,05/20/11,23.32,23.96,23.08,23.22,387571150,75,0.904393
INTC,05/27/11,22.92,23.03,22.21,22.21,210446967,68,0.94552
INTC,06/03/11,22.45,22.64,21.67,21.73,222978209,61,0.966406
INTC,06/10/11,21.80,22.44,21.26,21.38,249719951,54,0.982226
INTC,06/17/11,21.43,26.78,21.07,21.19,294273143,47,0.991033
INTC,06/24/11,21.19,21.74,21.06,21.20,309031457,40,0.990566
JNJ,04/01/11,58.98,59.73,58.93,59.49,48029143,55,0.958144
JNJ,04/08/11,59.50,60.18,59.25,59.46,47141409,48,0.958628
JNJ,04/15/11,59.54,60.95,59.49,60.56,58631682,41,0.941215
JNJ,04/21/11,60.45,64.54,60.10,64.07,72888066,35,0.889652
JNJ,04/29/11,63.65,65.98,63.40,65.72,70745990,27,0.867316
JNJ,05/06/11,65.92,66.46,64.80,65.27,68840083,20,0.873295
JNJ,05/13/11,65.11,67.37,65.07,66.62,66040498,13,0.855599
JNJ,05/20/11,66.41,66.79,65.28,65.69,53385097,6,0.867712
JNJ,05/27/11,65.19,66.77,65.08,66.77,49866786,91,0.853677
JNJ,06/03/11,67.31,67.34,65.80,66.09,47426009,84,0.86246
JNJ,06/10/11,65.87,67.28,65.18,66.09,52231924,77,0.86246
JNJ,06/17/11,66.32,67.36,65.47,66.29,58201928,70,0.859858
JNJ,06/24/11,66.08,66.75,64.69,65.06,56535090,63,0.876114
JPM,04/01/11,46.10,46.88,45.51,46.35,112702290,3,0.539374
JPM,04/08/11,46.12,47.80,46.05,46.84,121937602,84,0.533732
JPM,04/15/11,47.00,47.37,44.83,44.89,186017520,77,0.556917
JPM,04/21/11,44.27,44.97,43.53,44.68,113261188,71,0.559534
JPM,04/29/11,44.65,46.02,44.38,45.63,107332185,63,0.547885
JPM,05/06/11,45.94,46.07,44.76,45.04,131213937,56,0.555062
JPM,05/13/11,44.75,45.50,42.98,43.15,137013704,49,0.579374
JPM,05/20/11,42.97,44.35,42.65,43.13,145114846,42,0.579643
JPM,05/27/11,42.40,42.92,41.69,42.79,119828886,35,0.584249
JPM,06/03/11,43.24,43.38,40.83,41.57,145187926,28,0.601395
JPM,06/10/11,41.10,41.50,40.10,41.05,194764785,21,0.609013
JPM,06/17/11,41.29,42.44,39.70,40.80,183560880,14,0.612745
JPM,06/24/11,40.50,41.53,39.44,39.49,167589521,7,0.633072
KRFT,04/01/11,31.35,31.70,31.06,31.61,38759730,88,0.917431
KRFT,04/08/11,31.71,31.88,31.35,31.67,34314135,81,0.915693
KRFT,04/15/11,31.73,33.54,31.69,33.36,71530535,74,0.869305
KRFT,04/21/11,32.72,33.67,32.70,33.38,33399240,68,0.868784
KRFT,04/29/11,33.45,33.90,33.00,33.59,42547809,60,0.863352
KRFT,05/06/11,33.60,34.49,33.22,34.08,58969733,53,0.850939
KRFT,05/13/11,33.81,35.10,33.80,34.89,47572999,46,0.831184
KRFT,05/20/11,34.84,35.44,34.48,35.23,48017488,39,0.823162
KRFT,05/27/11,34.97,35.06,34.28,34.75,31660711,32,0.834532
KRFT,06/03/11,34.79,35.00,34.05,34.10,38915498,25,0.85044
KRFT,06/10/11,34.07,34.39,24.30,33.79,43535139,18,0.858242
KRFT,06/17/11,33.92,34.72,33.76,34.48,44641104,11,0.841067
KRFT,06/24/11,34.39,34.98,33.87,34.60,39770714,4,0.83815
KO,04/01/11,65.20,67.48,65.03,67.22,39265955,73,0.699197
KO,04/08/11,67.22,67.82,66.86,67.27,32024467,66,0.698677
KO,04/15/11,67.25,68.47,66.41,68.01,40595470,59,0.691075
KO,04/21/11,67.57,68.05,66.64,67.88,19831270,53,0.692398
KO,04/29/11,67.95,67.98,65.81,67.46,44603365,45,0.696709
KO,05/06/11,67.76,67.93,66.40,66.90,33947562,38,0.702541
KO,05/13/11,66.86,68.77,66.83,68.18,32166394,31,0.689352
KO,05/20/11,68.10,68.70,67.50,68.30,32520067,24,0.688141
KO,05/27/11,67.59,67.90,66.30,66.51,26066805,17,0.706661
KO,06/03/11,66.94,67.24,65.21,65.53,31192400,10,0.717229
KO,06/10/11,65.51,68.05,65.07,65.39,30422351,3,0.718764
KO,06/17/11,65.10,66.23,64.64,65.62,43194922,88,0.716245
KO,06/24/11,65.37,66.82,64.43,64.93,49806614,81,0.723856
MCD,04/01/11,75.55,76.50,74.87,75.99,17977737,56,0.802737
MCD,04/08/11,76.31,76.91,75.66,76.04,22337802,49,0.802209
MCD,04/15/11,76.15,77.54,75.83,77.38,21670715,42,0.788317
MCD,04/21/11,76.89,78.41,76.40,76.91,17718174,36,0.793135
MCD,04/29/11,77.15,78.59,76.54,78.31,22923015,28,0.778955
MCD,05/06/11,78.40,79.37,78.20,78.70,26460318,21,0.775095
MCD,05/13/11,79.46,80.91,79.08,80.74,26573357,14,0.755512
MCD,05/20/11,80.44,82.85,80.44,82.33,27816875,7,0.740921
MCD,05/27/11,81.53,83.08,81.49,81.62,26628471,0,0.747366
MCD,06/03/11,82.13,82.25,80.01,80.54,23382621,88,0.757388
MCD,06/10/11,80.60,82.23,80.00,80.36,31264251,81,0.759084
MCD,06/17/11,80.43,82.72,80.39,82.52,27515629,74,0.739215
MCD,06/24/11,82.32,83.09,81.40,81.84,28303321,67,0.745357
MMM,04/01/11,92.42,94.33,91.90,93.13,14958061,47,0.590572
MMM,04/08/11,92.68,94.10,92.60,93.22,12672220,40,0.590002
MMM,04/15/11,93.59,94.64,91.75,92.82,15375510,33,0.592545
MMM,04/21/11,91.94,94.42,90.58,93.92,9718851,27,0.585605
MMM,04/29/11,93.91,97.50,93.27,97.21,20655611,19,0.565785
MMM,05/06/11,97.58,97.95,94.40,95.60,17031494,12,0.575314
MMM,05/13/11,95.30,97.18,94.44,96.01,15657591,5,0.572857
MMM,05/20/11,95.54,96.23,92.75,93.56,16596686,89,0.587858
MMM,05/27/11,92.29,93.47,91.38,93.47,11695384,82,0.588424
MMM,06/03/11,94.05,94.68,90.19,90.70,12491882,75,0.606395
MMM,06/10/11,90.38,92.43,90.24,90.73,14734714,68,0.606194
MMM,06/17/11,91.14,92.99,90.58,91.78,15549946,61,0.599259
MMM,06/24/11,91.42,93.92,90.68,90.89,15126028,54,0.605127
MRK,04/01/11,32.54,33.48,32.39,33.07,60348951,73,1.14908
MRK,04/08/11,33.34,33.70,33.01,33.67,64799122,66,1.1286
MRK,04/15/11,33.68,34.97,33.27,34.51,85533686,59,1.10113
MRK,04/21/11,34.20,34.29,33.51,34.04,47226349,53,1.11633
MRK,04/29/11,33.70,36.25,33.63,35.95,83960030,45,1.05702
MRK,05/06/11,36.44,36.75,35.95,36.39,82810421,38,1.04424
MRK,05/13/11,36.11,37.30,36.10,37.08,59693542,31,1.02481
MRK,05/20/11,37.06,37.65,36.69,37.06,74833386,24,1.02536
MRK,05/27/11,36.67,37.04,36.10,36.21,52416661,17,1.04943
MRK,06/03/11,36.39,36.76,35.76,35.82,46564832,10,1.06086
MRK,06/10/11,35.70,36.38,35.36,35.45,57259558,3,1.07193
MRK,06/17/11,35.03,35.88,34.99,35.39,57933495,88,1.07375
MRK,06/24/11,35.29,35.97,34.50,34.55,63163236,81,1.09986
MSFT,04/01/11,25.66,25.72,25.30,25.48,258143967,46,0.627944
MSFT,04/08/11,25.45,26.31,25.41,26.07,260749872,39,0.613732
MSFT,04/15/11,26.19,26.25,25.09,25.37,229693684,32,0.630666
MSFT,04/21/11,25.10,26.00,24.72,25.52,158547201,26,0.626959
MSFT,04/29/11,25.56,26.87,25.34,25.92,554889924,18,0.617284
MSFT,05/06/11,25.94,26.25,25.48,25.87,346656165,11,0.618477
MSFT,05/13/11,25.80,25.96,24.95,25.03,382293426,4,0.639233
MSFT,05/20/11,24.96,25.07,24.25,24.49,311462943,88,0.653328
MSFT,05/27/11,24.21,25.03,24.03,24.76,213316051,81,0.646204
MSFT,06/03/11,24.96,25.10,23.84,23.90,246418070,74,0.669456
MSFT,06/10/11,23.90,24.25,23.69,23.70,230307366,67,0.675106
MSFT,06/17/11,23.79,29.05,23.65,24.26,280430166,60,0.659522
MSFT,06/24/11,24.17,24.86,24.16,24.30,309206180,53,0.658436
PFE,04/01/11,20.42,20.57,20.11,20.38,170424399,40,0.981354
PFE,04/08/11,20.55,20.61,20.15,20.46,199157969,33,0.977517
PFE,04/15/11,20.55,20.75,20.33,20.53,209481824,26,0.974184
PFE,04/21/11,20.32,20.88,19.79,19.79,143338656,20,1.01061
PFE,04/29/11,19.95,21.06,19.90,20.97,205782608,12,0.953743
PFE,05/06/11,21.14,21.20,20.07,20.55,273973053,5,0.973236
PFE,05/13/11,20.53,20.99,20.45,20.92,180162306,82,0.956023
PFE,05/20/11,20.84,21.28,20.68,20.69,249113161,75,0.966651
PFE,05/27/11,20.49,20.98,20.35,20.93,162550095,68,0.955566
PFE,06/03/11,21.00,21.45,20.66,20.84,169014117,61,0.959693
PFE,06/10/11,20.82,20.97,20.04,20.11,196181321,54,0.99453
PFE,06/17/11,20.08,20.73,20.03,20.26,229372501,47,0.987167
PFE,06/24/11,20.09,20.96,20.08,20.08,259247639,40,0.996016
PG,04/01/11,61.08,62.30,60.61,62.08,43453701,26,0.853737
PG,04/08/11,62.17,62.33,61.47,61.90,38792072,19,0.85622
PG,04/15/11,62.02,64.21,61.90,64.18,51918017,12,0.825802
PG,04/21/11,63.67,64.34,63.27,63.27,29487333,6,0.83768
PG,04/29/11,63.08,65.10,62.60,64.90,53544624,82,0.816641
PG,05/06/11,65.24,66.50,64.90,65.27,55046479,75,0.812012
PG,05/13/11,64.93,67.31,64.86,66.86,49677302,68,0.792701
PG,05/20/11,66.66,67.72,66.51,67.36,47738539,61,0.786817
PG,05/27/11,66.80,67.20,65.70,66.20,37114265,54,0.800604
PG,06/03/11,66.33,67.00,56.57,65.43,37312488,47,0.810026
PG,06/10/11,65.36,65.64,64.65,64.70,48599369,40,0.819165
PG,06/17/11,64.65,65.22,63.33,64.69,46861128,33,0.819292
PG,06/24/11,64.51,65.29,62.44,62.59,53025186,26,0.846781
T,04/01/11,29.02,30.97,28.90,30.62,384284485,5,1.40431
T,04/08/11,30.74,31.00,29.99,30.71,148206324,89,1.4002
T,04/15/11,30.75,30.84,30.01,30.65,108080405,82,1.40294
T,04/21/11,30.42,30.68,29.91,30.68,76563904,76,1.40156
T,04/29/11,30.67,31.82,30.43,31.12,112339712,68,1.38175
T,05/06/11,31.60,31.94,31.03,31.26,156030184,61,1.37556
T,05/13/11,31.20,31.79,31.05,31.41,92523592,54,1.36899
T,05/20/11,31.32,31.77,30.90,31.32,102539987,47,1.37292
T,05/27/11,31.00,31.30,30.92,31.29,73854767,40,1.37424
T,06/03/11,31.48,31.65,30.52,30.65,85085937,33,1.40294
T,06/10/11,30.55,30.61,30.11,30.34,95255686,26,1.41727
T,06/17/11,30.28,30.95,30.17,30.77,114504788,19,1.39747
T,06/24/11,30.66,31.33,30.29,30.44,116043866,12,1.41261
TRV,04/01/11,59.09,60.01,58.37,59.71,16608737,68,0.686652
TRV,04/08/11,59.83,60.00,59.11,59.58,12307164,61,0.68815
TRV,04/15/11,59.85,60.85,59.00,59.80,15459751,54,0.685619
TRV,04/21/11,59.32,61.32,58.07,61.32,10135730,48,0.668624
TRV,04/29/11,61.32,63.37,60.91,63.28,16046782,40,0.647914
TRV,05/06/11,63.56,64.17,62.85,63.43,14335889,33,0.646382
TRV,05/13/11,63.23,64.09,62.18,62.33,14388418,26,0.657789
TRV,05/20/11,62.52,63.11,62.13,62.25,11795580,19,0.658635
TRV,05/27/11,61.74,62.00,60.36,61.52,12344531,12,0.66645
TRV,06/03/11,61.95,62.25,60.59,61.18,13535632,5,0.670154
TRV,06/10/11,61.35,61.68,58.71,59.21,18091902,89,0.692451
TRV,06/17/11,59.12,59.32,57.36,57.92,20647583,82,0.707873
TRV,06/24/11,57.57,58.28,56.12,56.68,20959450,75,0.723359
UTX,04/01/11,83.75,85.95,83.26,85.32,16314122,47,0.562588
UTX,04/08/11,85.66,86.00,84.18,84.81,11690792,40,0.565971
UTX,04/15/11,85.00,85.56,82.70,83.45,17017620,33,0.575195
UTX,04/21/11,82.60,87.10,81.10,87.10,16859647,27,0.551091
UTX,04/29/11,87.00,89.80,86.29,89.58,20800024,19,0.535834
UTX,05/06/11,90.03,90.67,85.80,89.21,21797524,12,0.538056
UTX,05/13/11,88.88,90.18,88.35,88.98,17420630,5,0.539447
UTX,05/20/11,88.46,89.25,86.65,87.50,22021867,89,0.548571
UTX,05/27/11,86.41,86.72,85.21,86.33,15097865,82,0.556006
UTX,06/03/11,87.00,87.79,82.43,83.24,21179642,75,0.576646
UTX,06/10/11,82.93,84.52,82.60,82.70,20109892,68,0.580411
UTX,06/17/11,82.92,85.26,82.52,84.57,22074891,61,0.567577
UTX,06/24/11,84.36,86.21,83.69,84.33,20775217,54,0.569192
VZ,04/01/11,37.44,38.95,37.42,38.47,96766651,5,1.27372
VZ,04/08/11,38.53,38.70,37.26,37.72,62429599,89,1.29905
VZ,04/15/11,37.75,38.00,37.34,37.85,55355691,82,1.29458
VZ,04/21/11,37.60,38.00,36.91,36.91,37735134,76,1.32755
VZ,04/29/11,37.07,38.42,36.82,37.78,68330713,68,1.29698
VZ,05/06/11,38.33,38.33,36.90,37.28,84281362,61,1.31438
VZ,05/13/11,37.28,37.68,36.95,37.26,50917728,54,1.31508
VZ,05/20/11,37.26,37.41,36.80,37.15,53263954,47,1.31898
VZ,05/27/11,36.75,37.03,36.24,36.67,43400125,40,1.33624
VZ,06/03/11,36.91,36.99,35.60,35.63,50174214,33,1.37525
VZ,06/10/11,35.57,36.14,35.16,35.19,72100710,26,1.39244
VZ,06/17/11,35.23,35.92,34.94,35.51,69585912,19,1.37989
VZ,06/24/11,35.35,36.17,35.20,36.00,82375230,12,1.36111
WMT,04/01/11,52.31,52.74,51.89,52.13,44519431,40,0.709764
WMT,04/08/11,52.31,53.24,52.06,52.54,48382262,33,0.704225
WMT,04/15/11,52.54,53.96,52.40,53.55,45662991,26,0.690943
WMT,04/21/11,53.08,53.95,52.91,53.58,23073491,20,0.690556
WMT,04/29/11,53.60,55.16,53.23,54.98,47159044,12,0.672972
WMT,05/06/11,55.08,55.79,53.20,55.02,46668727,5,0.672483
WMT,05/13/11,54.97,56.03,54.70,55.72,42649301,89,0.664034
WMT,05/20/11,55.61,56.47,54.95,55.29,56695842,82,0.669199
WMT,05/27/11,54.90,55.50,54.10,54.70,35560853,75,0.676417
WMT,06/03/11,54.88,55.22,53.04,53.66,48156051,68,0.689527
WMT,06/10/11,53.86,54.30,52.69,52.72,58746396,61,0.701821
WMT,06/17/11,52.91,53.29,51.79,52.82,68996550,54,0.700492
WMT,06/24/11,52.70,53.70,52.35,52.41,75602550,47,0.705972
XOM,04/01/11,83.86,84.94,82.61,84.68,77569311,40,0.555031
XOM,04/08/11,84.26,86.22,84.07,85.95,75566590,33,0.54683
XOM,04/15/11,85.95,86.15,82.38,84.29,81056144,26,0.557599
XOM,04/21/11,83.11,86.36,82.44,86.36,43378708,20,0.544233
XOM,04/29/11,86.29,88.00,85.89,87.98,81596868,12,0.534212
XOM,05/06/11,88.10,88.13,81.59,82.69,113805856,5,0.568388
XOM,05/13/11,83.01,83.76,79.42,80.87,99678100,89,0.58118
XOM,05/20/11,80.22,82.58,79.60,81.57,86758820,82,0.576192
XOM,05/27/11,80.22,82.63,80.07,82.63,68230855,75,0.568801
XOM,06/03/11,83.28,83.75,80.18,81.18,78616295,68,0.57896
XOM,06/10/11,80.93,81.87,79.72,79.78,92380844,61,0.58912
XOM,06/17/11,80.00,80.82,78.33,79.02,100521400,54,0.594786
XOM,06/24/11,78.65,81.12,76.78,76.78,118679791,47,0.612139
